{
  "Last-Updated": 1570158931891,
  "AM": 118.19055509527755,
  "AR": 280.0049256055463,
  "AT": 273.74695054038745,
  "AUS-NSW": 618.2301145405658,
  "AUS-QLD": 688.2929277841864,
  "AUS-SA": 233.29795609866207,
  "AUS-TAS": 43.56345673151033,
  "AUS-VIC": 670.6818343617797,
  "AX": 53.15975242311092,
  "BA": 514.107151155657,
  "BE": 122.98541932737335,
  "BG": 516.873992050461,
  "BO": 442.95527443408685,
  "BR-CS": 121.4166028089446,
  "BR-N": 261.66335522589543,
  "BR-NE": 131.5263885708415,
  "BR-S": 112.99318114829896,
  "CA-AB": 548.6481130086444,
  "CA-NS": 585.1185373209913,
  "CA-ON": 28.809190311418686,
  "CA-PE": 263.0722222222222,
  "CA-YT": 136.11771584486456,
  "CY": 640.8714285714286,
  "CZ": 468.0491736794079,
  "DK-BHM": 156.65183599772624,
  "DK-DK1": 288.79514403628536,
  "DK-DK2": 347.85160068593484,
  "DO": 523.6047073094844,
  "EE": 547.8100579387576,
  "ES": 245.33407570348234,
  "ES-CN-FVLZ": 518.9880952380953,
  "ES-CN-GC": 418.99359347699476,
  "ES-CN-HI": 11,
  "ES-CN-IG": 650,
  "ES-CN-LP": 589.4886363636364,
  "ES-CN-TE": 399.57373737373734,
  "ES-IB-IZ": 655.2173865943068,
  "ES-IB-MA": 657.4381287562835,
  "ES-IB-ME": 607.851662404092,
  "FI": 212.01948959377324,
  "FO": 382.05737316263634,
  "GB": 126.32407354087891,
  "GB-NIR": 354.1933015297059,
  "GB-ORK": 13,
  "GE": 219.08598953348883,
  "GT": 371.3265689938398,
  "HR": 216.83056510676164,
  "HU": 289.708008661056,
  "IE": 148.63186680546448,
  "IN": 616.5345535109291,
  "IN-CT": 801.8575498575499,
  "IN-DL": 475.30434782608694,
  "IN-UP": 644.546183821676,
  "IT-CNO": 327.6027899760663,
  "IT-CSO": 323.46712993933465,
  "IT-NO": 360.90046990122283,
  "IT-SAR": 646.6702586206897,
  "IT-SIC": 279.7771490551985,
  "IT-SO": 243.49808773903263,
  "JP-KY": 389.149762888175,
  "KR": 530.4069768167493,
  "LT": 281.96842451907355,
  "LV": 478.21068221780257,
  "MD": 598.8018685939261,
  "ME": 608.2492130384886,
  "MY-WM": 670.3237860687951,
  "NL": 467.54081405154767,
  "NO-NO1": 29.291785777631326,
  "NO-NO2": 24.128026075991663,
  "NO-NO3": 31.058219221723792,
  "NO-NO4": 56.33497270433754,
  "NO-NO5": 38.570220632267834,
  "NZ-NZN": 205.67408757508926,
  "NZ-NZS": 23.690368293471803,
  "PA": 348.47135226996846,
  "PE": 203.5435532562454,
  "PL": 667.0972598802423,
  "PT": 298.6704686229625,
  "RE": 585.3333047731805,
  "RO": 319.5928318935085,
  "RS": 658.2223059659594,
  "SE": 54.744583032231276,
  "SG": 494.704,
  "SK": 303.4365628492863,
  "SV": 139.08793443799723,
  "TR": 542.0908722082839,
  "UA": 336.1405795002463,
  "US-BPA": 113.27223520728256,
  "US-CA": 250.71337218102013,
  "US-HI-OA": 554.3522727272727,
  "US-MISO": 548.7453978555757,
  "US-NEISO": 316.9069093704758,
  "US-NY": 197.21103259880533,
  "US-PJM": 422.78568536513546,
  "US-SPP": 510.0189030069411,
  "US-TX": 446.6297253464681,
  "UY": 26.198813056379826
}
